test_id,smiles,nlogP,sweet_prob,mw,logp,passes_flavor_filter,fart_val_acc
0,N=c1ccn([C@H]2CC[C@@H](COP(=O)=O)O2)cc1,-0.3774064183235168,0.9999999999998956,256.1979999999999,1.7496699999999998,True,0.8722891566265061
0,CC(O)=N[C@H]1[C@H]([C@H](O)[C@H](O)CN)OC(C(=O)O)=C[C@@H]1O,-0.2831770181655884,0.9999999999995401,290.27199999999993,-2.2598999999999987,True,0.8722891566265061
0,C[C@@H](O)C1=Nc2c(O)nc(=N)[nH]c2CC1,-0.3079705834388733,0.9999999999407596,208.221,-0.005730000000000179,True,0.8722891566265061
0,Cc1nc2c(O)nc(=O)nc-2n(C[C@H](O)[C@H](O)[C@H](O)CO)c1C,-0.2426430583000183,0.9999999999088791,326.3090000000001,-2.46446,True,0.8722891566265061
0,N=c1ccn([C@H]2CC[C@@H](CO)O2)c(N)n1,-0.3210255801677704,0.9999999998532767,210.23699999999997,-0.38533000000000034,True,0.8722891566265061
0,C[C@@H](O)C1=Nc2c(O)nc(=N)[nH]c2NC1,-0.2789250314235687,0.999999999852921,209.20900000000003,-0.5264300000000004,True,0.8722891566265061
0,CC1(C)CC(=O)c2c(O)ccc(O)c2C1,-0.3691800534725189,0.999999998993736,206.24099999999999,2.2529000000000003,True,0.8722891566265061
0,N=c1nc(O)c2nc(CN3C[C@H](CO)[C@@H](O)C3)ccc2[nH]1,-0.3040346503257751,0.9999999761131911,291.311,-1.0720300000000005,True,0.8722891566265061
0,C[C@@H](O)[C@H](O)C1=Nc2c(O)nc(=N)[nH]c2CC1,-0.3558347821235657,0.9999999425231871,238.247,-0.6448300000000005,True,0.8722891566265061
0,CC1(C)CC(=O)c2c(N)cc(O)cc2C1,-0.394543707370758,0.9999999308273783,205.257,2.1295,True,0.8722891566265061
0,C[C@H](O)[C@H](O)C1=Nc2c(O)nc(=N)[nH]c2NC1,-0.2267571091651916,0.9999998426609645,239.23500000000004,-1.1655300000000004,True,0.8722891566265061
0,C[C@@H](O)[C@H](O)C1=Nc2c(O)nc(=N)[nH]c2NC1,-0.3092601597309112,0.9999998426609645,239.23500000000004,-1.1655300000000004,True,0.8722891566265061
0,C[C@@H](C(=O)O)N1C(=O)C=C(c2ccccc2)[C@@H]1C,-0.3672744929790497,0.9999996259955168,245.27800000000002,1.7738,True,0.8722891566265061
0,C[C@@H](O)c1nc2ccc(C(=N)O)cc2s1,-0.3913018703460693,0.9999996247443521,222.269,2.23297,True,0.8722891566265061
0,C[C@@H]1c2ccccc2C(=O)N1[C@@H](C)C(=O)O,-0.4006909132003784,0.9999995333848205,219.23999999999998,1.6765000000000003,True,0.8722891566265061
0,Cc1cn(C[C@H](O)[C@H](O)[C@H](O)CO)c2nc(=O)nc(O)c-2n1,-0.2995800971984863,0.9999993403273504,312.28200000000004,-2.77288,True,0.8722891566265061
0,N[C@@H](CCC(O)=N[C@@H](Cc1ccccc1)C(=O)O)C(=O)O,-0.2623975872993469,0.9999992366420888,294.3070000000001,0.8309,True,0.8722891566265061
0,C[C@@H](O)c1nc2ccc(C(=N)O)cc2[nH]1,-0.3188353538513183,0.9999989088491781,205.217,1.4995699999999998,True,0.8722891566265061
0,CC(O)=N[C@@H](Cc1ccccc1)P(=O)(O)O,-0.3377184569835663,0.9999985786291604,243.19899999999998,1.7092999999999998,True,0.8722891566265061
0,N=c1nc(O)c2c([nH]1)C(CN1C[C@H](CO)[C@@H](O)C1)C=N2,-0.2654657065868377,0.999998099475891,279.29999999999995,-1.3207299999999997,True,0.8722891566265061
0,CC1(C)CC(=O)c2c(N)cc(O)cc2O1,-0.4212996363639831,0.9999980711179608,207.229,1.7182,True,0.8722891566265061
0,N=c1nc(O)c2nc(CN3C[C@H](CO)[C@@H](O)C3)cnc2[nH]1,-0.2833686769008636,0.9999968898863113,292.299,-1.6770299999999996,True,0.8722891566265061
0,N=c1nc(O)c2c(CN3C[C@H](CO)[C@@H](O)C3)cccc2[nH]1,-0.305972009897232,0.9999924595514078,290.323,-0.4670300000000009,True,0.8722891566265061
0,N=c1nc(O)c2c(CCc3ccc(C(=O)O)cc3)cncc2[nH]1,-0.303014189004898,0.9999919935004584,310.313,1.6263699999999999,True,0.8722891566265061
0,O=[N+]([O-])c1ccc(O)c(C(O)=NCCS)c1,-0.3353323340415954,0.9999813817016866,242.25599999999997,1.5347999999999997,True,0.8722891566265061
0,C[C@@H](O)CN=C(O)c1ccc2[nH]c(=N)nc(O)c2c1,-0.2849954068660736,0.9999733401252608,262.269,0.43336999999999987,True,0.8722891566265061
0,N=c1nc(O)c2c([nH]1)C(CN1[CH][C@H](O)[C@@H](O)C1)C=C2,-0.3300943076610565,0.9999617507687368,263.277,-1.0956400000000004,True,0.8722891566265061
0,N=c1nc(O)c2c([nH]1)C(CN1C[C@H](O)[C@@H](O)C1)C=C2,-0.2692959606647491,0.9999135267962364,264.28499999999997,-1.2574300000000005,True,0.8722891566265061
0,N=c1nc(O)c2c([nH]1)C(CN1C[C@@H](O)[C@@H](O)C1)C=C2,-0.3133964836597442,0.9999135267962364,264.28499999999997,-1.2574300000000005,True,0.8722891566265061
0,C#Cc1cn([C@H]2CC[C@@H](CO)O2)c(=O)nc1O,-0.321112722158432,0.9999087486799578,236.22699999999998,-0.39990000000000003,True,0.8722891566265061
0,COc1ccc(S(=O)(=O)N(CC(C)C)C[C@@H](O)CO)cc1,-0.3010802865028381,0.9998627011593597,317.40700000000004,0.6950999999999998,True,0.8722891566265061
0,C[C@@H](O)[C@H](NC(=O)c1ccc(C#N)cc1)C(=O)O,-0.3009052276611328,0.9997884367229359,248.238,0.12207999999999969,True,0.8722891566265061
0,N[C@@H](Cc1ccccc1)C(=O)O,-0.3488872051239013,0.9997680868902955,165.19199999999995,0.641,True,0.8722891566265061
0,C[C@@H]1N=C(O)[C@H](Cc2ccc(O)cc2)N=C(O)[C@H]1O,-0.3651159107685089,0.9997123408587372,264.281,0.9793000000000001,True,0.8722891566265061
0,C[C@@H]1N=C(O)[C@H](Cc2ccc(O)cc2)N=C1O,-0.3422128558158874,0.9996209096595415,234.255,1.6184,True,0.8722891566265061
0,O=[N+]([O-])c1ccc([C@@H](O)CO)cc1,-0.344767689704895,0.9995410257501499,183.16299999999998,0.6204999999999998,True,0.8722891566265061
0,C[C@@H](O)c1nc2ccc(C(=O)O)cc2[nH]1,-0.3392205039660136,0.9994679241083225,206.201,1.3144,True,0.8722891566265061
0,O=[N+]([O-])c1ccc([C@@H](O)[C@H](O)CO)cc1,-0.3401871025562286,0.99944728429489,213.189,-0.01860000000000006,True,0.8722891566265061
0,O=[N+]([O-])c1ccc([C@@H](O)[C@@H](O)CO)cc1,-0.3482803702354431,0.99944728429489,213.189,-0.01860000000000006,True,0.8722891566265061
0,O=C(O)C(=O)Nc1sc2c(c1C(=O)O)CCNC2,-0.3162600100040436,0.9992961340942665,270.266,0.11509999999999981,True,0.8722891566265061
0,COc1ccc(C[C@H](N)C(=O)O)cc1,-0.2982724234461784,0.9991389710237121,195.21800000000002,0.6496,True,0.8722891566265061
0,COc1ccc(C[C@@H](N)C(=O)O)cc1,-0.3263857662677765,0.9991389710237121,195.21800000000002,0.6496,True,0.8722891566265061
0,Cc1cn([C@H]2C[C@H](O)[C@@H](CO)O2)c(=O)nc1N,-0.3983672261238098,0.9986608612423645,241.24699999999996,-1.2253799999999995,True,0.8722891566265061
0,COc1ccc2c(c1)cc(C(O)=NCc1ccco1)n2CC(=O)O,-0.3076279461383819,0.9982607513431124,328.32400000000007,2.8323,True,0.8722891566265061
0,CCOC(=O)c1ccc2c(c1)N=C(O)[C@@H](C)N2,-0.3202797472476959,0.9980334830329037,234.255,2.2653,True,0.8722891566265061
0,C[C@H](O)C(O)=Nc1ccc([N+](=O)[O-])cc1,-0.3157802224159241,0.9977247934263697,210.189,1.5635999999999997,True,0.8722891566265061
0,N=c1nc(O)c2c([nH]1)C(CN1C[C@H](O)[C@@H](O)C1)C=N2,-0.2649636566638946,0.9976414330973352,265.27299999999997,-1.5683300000000004,True,0.8722891566265061
0,N=c1nc(O)c2c([nH]1)C(CN1C[C@@H](O)[C@@H](O)C1)C=N2,-0.3131778240203857,0.9976414330973352,265.27299999999997,-1.5683300000000004,True,0.8722891566265061
0,COC(=O)c1ccc2c(c1)N=C(O)C2,-0.3949037492275238,0.9973791385874221,191.18599999999998,1.6173000000000002,True,0.8722891566265061
0,CC(O)=Nc1nc2ccc(C(=O)O)cc2[nH]1,-0.3510785500208537,0.9967465473170517,219.2,1.869,True,0.8722891566265061
0,CC(C)(C)OC(O)=N[C@H]1Cc2ccccc2[C@@H]1O,-0.3994337767362594,0.9967156004823234,249.31,2.3738000000000006,True,0.8722891566265061
0,N[C@@H](Cc1ccc(C(=O)O)cn1)C(=O)O,-0.2876223623752594,0.9950466372340288,210.189,-0.2658000000000001,True,0.8722891566265061
0,N[C@@H](Cc1ccc(C(=O)O)cc1)C(=O)O,-0.2744324281811714,0.991223734974466,209.201,0.33920000000000006,True,0.8722891566265061
0,C[C@@H](O)CN1CCN(c2cccc(Cl)c2)CC1,-0.358699083328247,0.9899935586251908,254.761,1.8428,True,0.8722891566265061
0,CN(C)c1ccc(C(=O)O)cn1,-0.358137105902036,0.9890301563098006,166.17999999999998,0.8457999999999999,True,0.8722891566265061
0,C[C@@H](C(=O)O)c1cccc(C2C=CC=CC2)n1,-0.3682495057582855,0.986549294602435,229.279,2.8694000000000015,True,0.8722891566265061
0,C[C@@H](O)[C@H](NC(=O)c1ccc(C#CCO)cc1)C(=O)O,-0.3178030252456665,0.9859952788239553,277.276,-0.40580000000000044,True,0.8722891566265061
0,CC(O)=Nc1nc2ccc(C(=O)O)cc2s1,-0.3324272433916728,0.9858322965204815,236.25199999999998,2.6024000000000003,True,0.8722891566265061
0,C[C@@H](O)[C@@H](C=O)[C@H]1CC(=O)c2c(O)ccc(O)c2N1,-0.3636966943740845,0.9854402128597489,265.265,0.6605999999999995,True,0.8722891566265061
0,N[C@@H](Cc1ccc(O)cc1)C(=O)O,-0.3108302056789398,0.9790470014362993,181.19099999999997,0.3466,True,0.8722891566265061
0,C[C@@H](O)c1ccc(C(C)(C)O)cc1,-0.355195552110672,0.97433815214352,180.24699999999999,1.9672999999999998,True,0.8722891566265061
0,C[C@@H](C(=O)O)c1cccc(C2C=CC=NC2)c1,-0.3421365022659302,0.9704838389447872,229.279,2.5989000000000004,True,0.8722891566265061
0,C[C@@H](O)c1nc2ccc(C(C)(C)O)cc2[nH]1,-0.3365902304649353,0.956443496451838,220.272,1.8436,True,0.8722891566265061
0,N[C@@H](CCc1ccccc1)C(=O)O,-0.3412789702415466,0.9484274242506247,179.21899999999997,1.0311,True,0.8722891566265061
0,Cc1ncsc1-c1ccc(CN=C(O)[C@@H]2C[C@@H](O)CN2)cc1,-0.3371250331401825,0.9302841691336625,317.414,2.2978199999999998,True,0.8722891566265061
0,CC(C)(C)OC(O)=Nc1ccc2c(c1)OCCO2,-0.394542396068573,0.8938990864827586,251.28199999999995,2.8184000000000013,True,0.8722891566265061
0,C[C@@H](O)CN=C(O)c1ccc2c(c1)OCO2,-0.3232557028532028,0.8908547430174387,223.22799999999995,1.1007,True,0.8722891566265061
0,O=[N+]([O-])c1ccc([C@@H](O)CNCCO)cc1,-0.3467657566070556,0.8846160605683037,226.23199999999997,0.21009999999999984,True,0.8722891566265061
0,COc1ccc(C[C@H](N)C(=O)O)cc1OC,-0.3430630266666412,0.8671300290753344,225.244,0.6581999999999999,True,0.8722891566265061
0,O=[N+]([O-])c1ccc(C(O)=NCCS)cc1,-0.360923707485199,0.8478909314300693,226.25699999999998,1.8292,True,0.8722891566265061
0,C#Cc1cn([C@H]2C[C@H](O)[C@@H](CO)O2)c(=O)nc1O,-0.2357514649629593,0.8234496708300391,252.22599999999997,-1.4291000000000003,True,0.8722891566265061
0,CC(=O)c1ccc[n+]([C@@H]2O[C@H](CO)[C@@H](O)[C@H]2O)c1,-0.3098691999912262,0.818441975061633,254.262,-1.2118000000000004,True,0.8722891566265061
0,COc1ccc(C(=O)N[C@@H](C)C(=O)O)cc1,-0.3269088268280029,0.7888322338131849,223.228,0.8980999999999998,True,0.8722891566265061
0,N=C(O)c1ccc(C(=O)O)cc1,-0.4030466258525848,0.7831993389886134,165.148,1.26817,True,0.8722891566265061
0,COc1ccc(C(C)=O)cc1,-0.4260119497776031,0.7742918244019834,150.177,1.8978,True,0.8722891566265061
0,CC1(C)CC(=O)c2c(O)cc(O)cc2C1,-0.3936581015586853,0.7724860624022203,206.24099999999999,2.2528999999999995,True,0.8722891566265061
0,C[C@@H](O)[C@H](N)C(=O)O,-0.3598798103630543,0.7544455033432118,119.11999999999999,-1.2208999999999997,True,0.8722891566265061
0,Cc1cc(CNC2CCNCC2)c(COP(=O)(O)O)cn1,-0.3829026818275451,0.747455028604232,315.30999999999995,0.8409199999999999,True,0.8722891566265061
0,Cc1cc(CN[C@@H]2CCNC2)c(COP(=O)(O)O)cn1,-0.4045798778533935,0.6845051654592341,301.28299999999996,0.4508199999999996,True,0.8722891566265061
0,CC(C)(C)OC(O)=N[C@H]1CN=C(O)c2ccccc21,-0.3252654373645782,0.5287171969746742,262.309,2.7750000000000004,True,0.8722891566265061
0,N=c1nc(O)c2c(CN3C[C@H](CO)[C@@H](O)C3)c[nH]c2[nH]1,-0.2759326100349426,0.5265711459244808,279.3,-1.1389300000000002,True,0.8722891566265061
0,C[C@@H](C(=O)O)N1C(=O)CCc2ccccc21,-0.3698986321687698,0.5253570837929522,219.23999999999998,1.4389,True,0.8722891566265061
0,CC(=O)c1ccc(C)cc1,-0.4388357996940613,0.4984483493075168,134.17799999999997,2.1976200000000006,True,0.8722891566265061
0,N[C@@H](Cc1ccc(O)c(O)c1)C(=O)O,-0.30683384090662,0.47651297706591506,197.18999999999997,0.052200000000000135,True,0.8722891566265061
0,Cc1ncsc1-c1ccc(CN=C(O)[C@@H](C)O)cc1,-0.3086076378822326,0.44535504742261817,276.361,2.955820000000001,True,0.8722891566265061
0,C[C@@H](O)c1ccc2[nH]c(=N)nc(O)c2n1,-0.3188807070255279,0.4315561328342223,206.20499999999998,0.1962699999999999,True,0.8722891566265061
0,CC1(C)CC(=O)c2c(O)cc(O)cc2O1,-0.4079238176345825,0.4273713504279248,208.213,1.8416000000000001,True,0.8722891566265061
0,C[C@@H](O)CN=C(O)c1ccc2[nH]c(=N)sc2c1,-0.3176016509532928,0.4179297150303899,251.311,1.39427,True,0.8722891566265061
0,C[C@@H](C(=O)O)N1Cc2ccccc2C1=O,-0.4563438892364502,0.35802154135111486,205.213,1.1155000000000002,True,0.8722891566265061
0,C[C@@H](O)[C@@H](C=O)[C@H]1CC(=O)c2c(O)ccc(O)c2C1,-0.3363784551620483,0.3528954531771831,264.27700000000004,1.0387999999999997,True,0.8722891566265061
0,C[C@@H](C(=O)O)N1C(=O)CCc2cc(Cl)ccc21,-0.3129341006278991,0.3252510024249887,253.68499999999997,2.0923,True,0.8722891566265061
0,Cc1ccc(C(=O)O)c(N)n1,-0.4206012487411499,0.3122901559456272,152.153,0.67042,True,0.8722891566265061
0,CC(C)(C)OC(=O)N1C[C@@H](O)C[C@H]1C(=O)O,-0.319116473197937,0.26531165558966174,231.248,0.4412999999999998,True,0.8722891566265061
0,N=c1nc(O)c2c(CCc3ccc(C(=O)O)cc3)csc2[nH]1,-0.3039715588092804,0.23701547957511526,315.354,2.2928699999999997,True,0.8722891566265061
0,COc1ccc(C(=O)N(C)C)cc1,-0.373095691204071,0.22715529270830695,179.219,1.397,True,0.8722891566265061
0,Cc1ccc(C(=O)O)c(N)c1,-0.3803918123245239,0.18541827441678582,151.165,1.27542,True,0.8722891566265061
0,CC(C)(C)NC[C@H](O)c1ccc(O)cc1,-0.4193959236145019,0.1656092363583519,209.28900000000002,1.8136999999999999,True,0.8722891566265061
0,Cc1cn([C@H]2CC[C@@H](COP(=O)(O)O)O2)c(=O)nc1O,-0.2647915482521057,0.12788668685158736,306.211,0.044219999999999815,True,0.8722891566265061
0,CC1(C)[C@@H]2CC[C@@]1(C)C(=N)O2,-0.4170683622360229,0.12635055474601434,153.225,2.1887700000000003,True,0.8722891566265061
0,Cc1cn([C@H]2CC[C@@H](CO)O2)c(=O)nc1O,-0.3114409923553466,0.12005313766458783,226.232,-0.07277999999999996,True,0.8722891566265061
0,C[C@@H](C(=O)O)N1C(=O)Cc2ccccc21,-0.3659842312335968,0.07772013612672901,205.213,1.0487999999999995,True,0.8722891566265061
0,N=C(O)c1ccc[n+]([C@@H]2O[C@H](CO)[C@@H](O)[C@H]2O)c1,-0.2698290050029754,0.07265919022798796,255.25,-1.53103,True,0.8722891566265061
0,N=C(O)c1ccc[n+]([C@@H]2O[C@H](CO)[C@H](O)[C@H]2O)c1,-0.3034538626670837,0.07265919022798796,255.25,-1.53103,True,0.8722891566265061
0,N=C(O)c1ccc[n+]([C@@H]2O[C@H](CO)[C@@H](O)C2O)c1,-0.3094291985034942,0.07265919022798796,255.25,-1.53103,True,0.8722891566265061
0,N=C(O)c1ccc[n+]([C@@H]2O[C@H](CO)C(O)C2O)c1,-0.3452319502830505,0.07265919022798796,255.25,-1.53103,True,0.8722891566265061
0,Cc1ncc(COP(=O)(O)O)c(CN[C@@H]2CO[C@H](C)C2)c1O,-0.2854887743790944,0.07104677364171946,332.2930000000001,0.9719199999999999,True,0.8722891566265061
0,CC(O)=Nc1ccc(C(=O)O)cc1,-0.358716145157814,0.0703192275980407,179.17499999999998,1.9927000000000001,True,0.8722891566265061
0,CN(C)c1ccc(C(=O)O)cc1,-0.3758707344532013,0.06660092927217541,165.19199999999998,1.4507999999999999,True,0.8722891566265061
0,CC(C)(C)OC(O)=N[C@H]1CNc2ccccc2C1,-0.3563631325960159,0.06553073362115613,248.326,2.752300000000001,True,0.8722891566265061
0,C[C@@H](O)[C@@H](C=O)[C@H]1CC(=O)c2c(O)ccc(O)c21,-0.3944844901561737,0.06507076888873319,250.25,0.9636999999999996,True,0.8722891566265061
0,C[C@@H](O)CN1CCN(c2ccc(O)c(O)c2)CC1,-0.3076448738574981,0.06331808885607414,252.314,0.6005999999999999,True,0.8722891566265061
0,CC(O)=Nc1ccc(C)c(C)c1,-0.3965532481670379,0.05656775207678633,163.21999999999997,2.911340000000002,True,0.8722891566265061
0,C[C@@H](O)c1ccc(C(=O)O)c(N)c1,-0.3788296182950337,0.05559915737816321,181.19099999999997,1.0203,True,0.8722891566265061
0,C[C@@H](C(=O)O)c1cccc(N)c1,-0.4138956367969513,0.0544087140700974,165.19199999999998,1.4568999999999999,True,0.8722891566265061
0,COc1ccc2c(c1)c(CC(=O)O)c(C)n2C(=O)O,-0.2843238711357116,0.05293315741601331,263.24899999999997,2.1115199999999996,True,0.8722891566265061
0,C[C@@H](C(=O)O)N(C)C,-0.4418579273753696,0.048639525421471826,117.148,0.02110000000000012,True,0.8722891566265061
0,C[C@@H](O)CN=C(O)c1cccc(O)c1O,-0.3743437230587005,0.03728855038579923,211.21699999999998,0.7831999999999999,True,0.8722891566265061
0,Cc1ccc(C(=O)O)c(C)c1,-0.3403635621070862,0.032875696012494786,150.177,2.00164,True,0.8722891566265061
0,CC1(C)[C@@H]2CC[C@@]1(C)C(=O)C2,-0.3153731524944305,0.027683353349158685,152.237,2.401700000000001,True,0.8722891566265061
0,COc1ccc(O)c(C(=O)O)c1,-0.3892935514450073,0.027227016033963245,168.148,1.099,True,0.8722891566265061
0,COc1ccc([C@H](C)N)cc1OC,-0.4673922955989837,0.026267849884551293,181.23499999999999,1.7235,True,0.8722891566265061
0,N=C(O)c1ccc(N[C@H]2CC[C@@H](O)C2)c(Cl)c1,-0.371751993894577,0.024862991384650472,254.71699999999996,2.5486700000000004,True,0.8722891566265061
0,C[C@@H](O)c1ccc(C(=O)O)cc1,-0.3713031262159347,0.017690685772873846,166.176,1.4381000000000002,True,0.8722891566265061
0,N=C(O)c1ccc(N[C@H]2CC[C@@H](O)C2)c(Cl)n1,-0.3864935040473938,0.01577005120569678,255.70499999999996,1.9436699999999998,True,0.8722891566265061
0,C[C@@H](O)C1=Nc2c(cc(Cl)cc2C(=O)O)C1,-0.3307293355464935,0.014876317723159917,239.658,2.0475999999999996,True,0.8722891566265061
0,Cc1ncsc1-c1ccc(CN=C(O)[C@@H](C)O)c(O)c1,-0.3168724775314331,0.013619989581873012,292.36,2.6614200000000015,True,0.8722891566265061
0,C[C@H](O)C(=O)Nc1ccc([N+](=O)[O-])cc1,-0.2932877242565155,0.0134557066329071,210.189,0.9140999999999997,True,0.8722891566265061
0,CC(O)=N[C@@H]1C(=O)O[C@H](CO)[C@H](O)[C@@H]1O,-0.3388966619968414,0.013321603888757604,219.19299999999998,-2.0290999999999997,True,0.8722891566265061
0,C[C@@H](O)c1ccc(C(=O)O)c(N)n1,-0.3890517055988312,0.012325855785207611,182.17899999999997,0.41530000000000006,True,0.8722891566265061
0,C[C@@H](O)CN=C(O)c1cccc(Cl)c1,-0.3946116268634796,0.011466393801704215,213.664,2.0254000000000003,True,0.8722891566265061
0,COc1ccc(C(=O)O)c(C)c1,-0.4035366773605346,0.011290075426424349,166.176,1.7018199999999999,True,0.8722891566265061
0,C[C@@H](O)CC(C)(C)O,-0.3645736277103424,0.010778521905087261,118.17599999999999,0.5282,True,0.8722891566265061
0,O=C(O)C1=CN([C@@H]2O[C@H](CO)[C@@H](O)[C@H]2O)CC=C1,-0.3051440219084422,0.009098294369596234,257.24199999999996,-1.7343,True,0.8722891566265061
0,CC(C)(C)NC[C@H](O)c1ccc(O)c(O)c1,-0.3431253731250763,0.005054409498855266,225.288,1.5192999999999997,True,0.8722891566265061
0,C[C@]1(O)CC(=O)c2c(CO)cc(O)cc2C1,-0.3754509687423706,0.004316685987091061,222.24,0.7644,True,0.8722891566265061
0,Cc1cc(CN[C@@H](C)c2ccccc2)c(COP(=O)(O)O)cn1,-0.366678774356842,0.003945194786600699,336.32800000000003,2.850120000000002,True,0.8722891566265061
0,C[C@@H](O)CC(=O)O,-0.4638140797615051,0.003914829777096701,104.10499999999999,-0.15809999999999996,True,0.8722891566265061
0,C[C@H](C(=O)O)c1cccc(C(=N)O)c1,-0.3549362421035766,0.0033439381687899415,193.202,1.75807,True,0.8722891566265061
0,C[C@@H](C(=O)O)c1cccc(C(=N)O)c1,-0.3742442627747853,0.0033439381687899415,193.202,1.75807,True,0.8722891566265061
0,COc1ccc([C@H](C)N)cc1,-0.4531181752681732,0.002050799131114494,151.209,1.7148999999999999,True,0.8722891566265061
0,N=C(O)c1ccc(C(=O)O)s1,-0.4039901793003082,0.0019533719315483664,171.177,1.3296700000000001,True,0.8722891566265061
0,N[C@@H](CC(=O)O)C(=O)O,-0.3350460529327392,0.0017728065958941433,133.10299999999998,-1.127,True,0.8722891566265061
0,CC(C)(C)C(=O)O,-0.5145810842514038,0.0017463505379132214,102.13299999999998,1.1171,True,0.8722891566265061
0,C[C@@H](O)CN=C(O)c1cccc(O)c1,-0.3894572481513023,0.0015125431814163892,195.218,1.0776000000000001,True,0.8722891566265061
0,CC(O)=N[C@@H](Cc1ccccc1)C(=O)O,-0.3003329709172249,0.0014201948370696665,207.22899999999998,1.6587,True,0.8722891566265061
0,CC(O)=N[C@@H](C)C(=O)O,-0.4032604520519574,0.0013931889477342436,131.131,0.43589999999999984,True,0.8722891566265061
0,CC(O)=N[C@H](C)C(=O)O,-0.4375351071357727,0.0013931889477342436,131.131,0.43589999999999984,True,0.8722891566265061
0,N[C@@H](CCC(=O)O)C(=O)O,-0.3296174619879041,0.0012968084551899946,147.13,-0.7368999999999997,True,0.8722891566265061
0,Cc1cc(CNC(C)C)c(COP(=O)(O)O)cn1,-0.4043367505073547,0.0010140219798259983,274.25699999999995,1.4973199999999998,True,0.8722891566265061
0,N=C(O)c1ccc[n+]([C@@H]2O[C@H](COP(=O)(O)O)C[C@H]2O)c1,-0.3017624616622925,0.0009511302082465353,319.23,-0.3848300000000002,True,0.8722891566265061
0,C[C@@H](C(=O)O)c1cccc(C2CC2)c1,-0.3711334764957428,0.000925035090054355,190.24199999999996,2.7521000000000013,True,0.8722891566265061
0,N=c1nc(O)c2c(CN3C[C@H](O)[C@@H](O)C3)c[nH]c2[nH]1,-0.2848719954490661,0.0008933356724776727,265.27299999999997,-1.38653,True,0.8722891566265061
0,O=[N+]([O-])c1ccc(O)c(C(O)=NC2CCCC2)c1,-0.3248981237411499,0.000822887690999935,250.25399999999993,2.547600000000001,True,0.8722891566265061
0,CC(C)(C)NC[C@H](O)c1ccc(O)c2ncccc12,-0.3607399463653564,0.000705942874246673,260.33700000000005,2.3619000000000003,True,0.8722891566265061
0,COc1ccc2c(c1)ncn2[C@H]1C[C@H](O)[C@@H](CO)O1,-0.3174902200698852,0.000607835873630059,264.281,0.6856,True,0.8722891566265061
0,N=C(O)C1=CN([C@@H]2O[C@H](CO)[C@@H](O)[C@H]2O)C=CC1,-0.2934184372425079,0.0005492296999765269,256.258,-0.9360300000000004,True,0.8722891566265061
0,CN(C)c1ccc2c(c1)OCCO2,-0.4085608050227165,0.0005075553877814508,179.21899999999994,1.5237999999999998,True,0.8722891566265061
0,CN(C)c1cccc(C(=O)O)c1,-0.3497849702835083,0.0004095122590328578,165.19199999999998,1.4507999999999999,True,0.8722891566265061
0,CC(=O)c1ccc[n+](C)c1,-0.4316381961107254,0.0003496704089383734,136.17399999999998,0.7137000000000001,True,0.8722891566265061
0,C[C@@H](C(=O)O)c1cccc(NC(=O)C2CC2)c1,-0.3840252459049225,0.0003259543450397478,233.26699999999997,2.2232000000000003,True,0.8722891566265061
0,Cc1ncc(COP(=O)(O)O)c(CN[C@@H]2COc3ccccc3C2)c1O,-0.2773312330245971,0.0002863389279043529,380.33700000000016,1.7982199999999997,True,0.8722891566265061
0,COc1ccc(C(=O)Nc2ccc(C)cn2)cc1,-0.3631115853786468,0.0002708327526065928,242.27800000000002,2.650920000000001,True,0.8722891566265061
0,C[C@@H](C(=O)O)c1cccc(C#N)c1,-0.3564037978649139,0.00024130535293811096,175.18699999999998,1.7463799999999998,True,0.8722891566265061
0,C[C@@H](C(=O)O)c1ccc(C#N)cc1,-0.3292954564094543,0.00019233969898995303,175.18699999999998,1.74638,True,0.8722891566265061
0,C[C@H](C(=O)O)c1ccc(C#N)cc1,-0.3624878823757171,0.00019233969898995303,175.18699999999998,1.74638,True,0.8722891566265061
0,N[C@@H](CCC(O)=N[C@@H](CS)C(O)=NCC(=O)O)C(=O)O,-0.239607349038124,0.0001733284117658452,307.32800000000003,-0.525499999999999,True,0.8722891566265061
0,Cc1cn([C@H]2C[C@H](O)[C@@H](CO)O2)c(=O)nc1O,-0.2544519733637571,0.00015502684740103249,242.23099999999997,-1.10198,True,0.8722891566265061
0,O=[N+]([O-])c1ccc(O)c(C(O)=NC2CCCCC2)c1,-0.316049575805664,0.00014974524220881793,264.2809999999999,2.9377000000000013,True,0.8722891566265061
0,COC(=O)n1c(C)c(CC(=O)O)c2cc(OC)ccc21,-0.3353005051612854,0.00012374056989383054,277.276,2.1999199999999997,True,0.8722891566265061
0,N[C@@H](Cn1ccc(=O)c(O)c1)C(=O)O,-0.2827899754047394,0.00010559414636461291,198.17799999999997,-1.0342000000000002,True,0.8722891566265061
0,O=[N+]([O-])c1ccc2c(c1)CN[C@@H](CO)C2,-0.3035410642623901,0.00010335491455054078,208.21699999999996,0.6013999999999999,True,0.8722891566265061
0,COc1ccc(C(=O)Nc2ccc(C(=O)O)cn2)cc1,-0.2915098369121551,9.894806931801144e-05,272.26,2.0407,True,0.8722891566265061
0,CC(C)(C)NC[C@H](O)c1ccc(O)c2cccnc12,-0.3543661236763,8.760657057058401e-05,260.33700000000005,2.3619000000000003,True,0.8722891566265061
0,C[C@@H](C(=O)O)c1ccc(C#N)c(C(=O)O)c1,-0.3122242093086242,7.878014180965487e-05,219.19599999999997,1.44458,True,0.8722891566265061
0,O=[N+]([O-])c1cc(O)c(O)c(C(O)=NCC2CC2)c1,-0.3133858144283294,5.426412304711914e-05,252.22599999999997,1.7205999999999997,True,0.8722891566265061
0,C[C@@H](C(=O)O)c1ccc(N)cc1,-0.3945000469684601,5.008209470984636e-05,165.19199999999998,1.4569,True,0.8722891566265061
0,Cc1ncc(COP(=O)(O)O)c(CN[C@@H]2C=C[C@H](O)C2)c1O,-0.3411802053451538,4.4875616638266897e-05,330.2770000000001,0.48391999999999996,True,0.8722891566265061
0,C[C@@H](C(=O)O)c1cccc(C(=O)O)c1,-0.3078928887844085,3.590524570649808e-05,194.18599999999998,1.5729,True,0.8722891566265061
0,C[C@H](C(=O)O)c1cccc(C(=O)O)c1,-0.3603640794754028,3.590524570649808e-05,194.18599999999998,1.5729,True,0.8722891566265061
0,N=C(O)c1ccc(C(=O)O)nc1,-0.3954482873280843,2.457863618572517e-05,166.136,0.66317,True,0.8722891566265061
0,C[C@@H](C(=O)O)c1ccc(CC(=O)O)cc1,-0.3385545313358307,2.2948290392196988e-05,208.21299999999997,1.5018,True,0.8722891566265061
0,COc1ccc(C(=O)O)c(N)c1,-0.4015144184231758,2.1432450072054913e-05,167.164,0.9756,True,0.8722891566265061
0,O=C(O)C1=NC(c2ccc(Cl)cc2)=CC1,-0.351855993270874,2.1368086099602887e-05,221.643,2.6102000000000007,True,0.8722891566265061
0,C[C@@H](O)CN1CCc2cc(O)c(O)cc2C1,-0.3306201696395874,1.9186867298248856e-05,223.272,0.8366999999999998,True,0.8722891566265061
0,CC(O)=N[C@@H](Cc1ccc(O)cc1)C(=O)O,-0.3059946335852146,1.5414940190495013e-05,223.22799999999998,1.3643,True,0.8722891566265061
0,C[C@@H](O)c1nc2c(O)nc(=N)[nH]c2[nH]1,-0.3253583647310734,1.5136141620624963e-05,195.18200000000004,-0.47563000000000016,True,0.8722891566265061
0,COc1ccc2c(c1)cc(C(O)=NCc1ccco1)n2C[C@H](O)CO,-0.3443233370780945,1.4056019450477645e-05,344.3670000000001,2.1008999999999998,True,0.8722891566265061
0,Cc1cn([C@H]2C[C@H](O)[C@@H](CO)O2)c(=O)[nH]c1=N,-0.3809934556484222,1.325184144974739e-05,241.24699999999999,-1.3950099999999988,True,0.8722891566265061
0,CN(C)c1cccc2c(O)nc(=O)nc-2c1,-0.3780381083488464,1.0668354196837484e-05,217.22799999999998,0.7131999999999998,True,0.8722891566265061
0,N=C(O)c1ccc[n+]([C@@H]2O[C@H](CO)[C@@H](O)C2(F)F)c1,-0.307221382856369,9.222201776361635e-06,275.231,-0.25663000000000025,True,0.8722891566265061
0,N=c1nc(O)c2nc(CN3CC[C@H](O)C3)cnc2[nH]1,-0.2841703593730926,9.073083857821138e-06,262.2729999999999,-0.8954300000000006,True,0.8722891566265061
0,N=C(O)c1ccc(N[C@H]2CC[C@@H](O)C2)nc1,-0.3186583220958709,7.596040666726948e-06,221.25999999999996,1.2902699999999998,True,0.8722891566265061
0,C[C@@H](C(=O)O)c1ccccc1,-0.4486732482910156,7.321578157612558e-06,150.177,1.8747,True,0.8722891566265061
0,C[C@@H](C(=O)O)N1C(=O)c2ccccc2C1=O,-0.3094203770160675,6.970526978369851e-06,219.196,0.7557000000000003,True,0.8722891566265061
0,C[C@@H](O)c1cccc(C(=O)O)c1,-0.3566497166951497,6.937881022856631e-06,166.176,1.4381000000000002,True,0.8722891566265061
0,O=C(O)C(=O)Nc1sc2c(c1C(=O)O)CCSC2,-0.2948000729084015,5.120385931995944e-06,287.318,1.2587,True,0.8722891566265061
0,N=c1ccn([C@H]2CC[C@@H](COP(=O)=O)O2)c(O)n1,-0.2689414359629154,4.672099587521924e-06,273.18499999999995,0.8502699999999999,True,0.8722891566265061
0,Cc1ncc(CO)c(=N)[nH]1,-0.4159362763166427,3.772316684614776e-06,139.158,-0.31011000000000005,True,0.8722891566265061
0,C[C@@H](O)c1ccc(C(=O)O)cn1,-0.4087930073340733,3.61436032455935e-06,167.164,0.8331,True,0.8722891566265061
0,COc1cc2c(cc1OC)C(=O)[C@@H](C)C2,-0.3887162506580353,3.4012366526726417e-06,206.24099999999996,2.0787,True,0.8722891566265061
0,Cc1ncc(COP(=O)(O)O)c(C)c1N,-0.3937111496925354,3.396272193993099e-06,232.176,0.88994,True,0.8722891566265061
0,CC1(C)CC(=O)c2c(O)cc(O)cc2N1,-0.424570620059967,3.0967366466088944e-06,207.229,1.8746999999999996,True,0.8722891566265061
0,O=C(O)C1=CN([C@@H]2O[C@H](CO)[C@@H](O)[C@H]2O)C=CC1,-0.3026442602276802,3.045609591085482e-06,257.242,-1.3867,True,0.8722891566265061
0,CCOC(=O)c1c(C)nc2ccc(Cl)cc2c1N,-0.3916283845901489,2.947016204571647e-06,264.712,2.955520000000001,True,0.8722891566265061
0,C[C@@H](C(=O)O)c1cccc(C(=O)NC2CC2)c1,-0.3448338806629181,2.82429586426174e-06,233.26699999999997,1.7669,True,0.8722891566265061
0,CC(C)c1ccc([C@@H](C)C(=O)O)cc1,-0.3714254796504974,2.447220582753492e-06,192.25799999999998,2.998100000000001,True,0.8722891566265061
0,N=C(O)c1ccc(N[C@H]2CC[C@@H](O)CC2)nc1,-0.3572569787502289,2.207334340745519e-06,235.28699999999995,1.68037,True,0.8722891566265061
0,C[C@@H](C(=O)O)N1C(=O)Cc2cc(Cl)ccc21,-0.3119596242904663,1.7513936433900496e-06,239.658,1.7021999999999997,True,0.8722891566265061
0,C[C@@H](C(=O)O)c1ccc(C(=O)O)cc1,-0.3250758051872253,1.5408342275397937e-06,194.18599999999998,1.5729,True,0.8722891566265061
0,C[C@H](C(=O)O)c1ccc(C(=O)O)cc1,-0.3458687216043472,1.5408342275397937e-06,194.18599999999998,1.5729,True,0.8722891566265061
0,CC(O)=Nc1ccc(C(=O)O)cn1,-0.4217606484889984,1.123636916425704e-06,180.16299999999998,1.3877,True,0.8722891566265061
0,CC(C)C[C@H](N)C(=O)O,-0.4096416532993316,1.0076341535818062e-06,131.175,0.44439999999999996,True,0.8722891566265061
0,O=[N+]([O-])c1ccc([C@@H](O)CN=C(O)C2CC2)cc1,-0.2930903434753418,9.459383737479307e-07,250.25399999999996,1.9947,True,0.8722891566265061
0,CC1(C)[C@H]2CC(=O)[C@]1(C)C(=O)C2,-0.3602897524833679,8.123961247362628e-07,166.21999999999997,1.5807,True,0.8722891566265061
0,Cc1cn([C@H]2C[C@H](N)[C@@H](CO)O2)c(=O)nc1O,-0.2983917444944381,6.21652883895862e-07,241.24699999999999,-1.13558,True,0.8722891566265061
0,C[C@@H](C(=O)O)c1ccc(C(=O)O)cn1,-0.3266992270946502,5.837351698148595e-07,195.17399999999998,0.9679,True,0.8722891566265061
0,C[C@H](C(=O)O)c1ccc(C(=O)O)cn1,-0.3421582579612732,5.837351698148595e-07,195.17399999999998,0.9679,True,0.8722891566265061
0,CC(C)(C)c1ccncc1,-0.4942619800567627,4.621190712841802e-07,135.20999999999998,2.3791,True,0.8722891566265061
0,Cc1ncc(COP(=O)(O)O)c(CNCc2ccccc2)c1O,-0.3069461584091186,4.3720595974641257e-07,338.3,1.9947199999999996,True,0.8722891566265061
0,CN(C)c1cccc2c(O)nc(=N)[nH]c12,-0.3215587862900325,2.895082179430388e-07,204.233,0.8139699999999999,True,0.8722891566265061
0,N=c1ccn([C@H]2CC[C@@H](COP(=O)=O)O2)c(O)c1,-0.3305351634820302,2.520685809706015e-07,272.19699999999995,1.4552699999999998,True,0.8722891566265061
0,Cc1cc(C)c(COP(=O)(O)O)cn1,-0.3942330926656723,2.4313847115549154e-07,217.161,1.3077399999999997,True,0.8722891566265061
0,Cc1ncc(COP(=O)(O)O)c(CNC2=NC[C@H](C)C2)c1O,-0.3518902063369751,2.1927810317335603e-07,329.2930000000001,1.2328199999999998,True,0.8722891566265061
0,Cn1c(=N)[nH]c2ncn(C)c2c1=O,-0.3779170215129852,2.0238148300433503e-07,179.183,-0.920430000000001,True,0.8722891566265061
0,CN(C)c1ccccc1C(=O)O,-0.4187731146812439,2.0112917216716493e-07,165.19199999999995,1.4507999999999999,True,0.8722891566265061
0,CC(C)C[C@H](N)C(O)=NO,-0.4370315968990326,1.698245841582009e-07,146.19,0.7054999999999999,True,0.8722891566265061
0,C[C@@H](C(=O)O)c1ccc(CC(=O)O)cn1,-0.3949868381023407,1.614668736961124e-07,209.20099999999996,0.8967999999999999,True,0.8722891566265061
0,N=c1nc(O)c2c(CCc3ccc(C(=O)O)cc3)c[nH]c2[nH]1,-0.2442140579223632,8.371459986071334e-08,298.30199999999996,1.55947,True,0.8722891566265061
0,N=c1ccn([C@H]2CC[C@@H](COP(=O)(O)O)O2)c(O)n1,-0.2572276473045349,7.676419191021519e-08,291.2,-0.14493000000000028,True,0.8722891566265061
0,CC(O)=N[C@@H](Cc1cnc[nH]1)C(=O)O,-0.3217416703701019,7.589058940205748e-08,197.19400000000002,0.38180000000000014,True,0.8722891566265061
0,N=c1ccn([C@H]2CC[C@@H](CO)O2)c(O)n1,-0.2387461400032043,5.2365309681504235e-08,211.22099999999998,-0.26193000000000033,True,0.8722891566265061
0,C[C@@H](C(=O)O)c1cccc(C(=N)N)c1,-0.3412570878863334,4.0548721329630225e-08,192.218,1.15877,True,0.8722891566265061
0,Cc1ncc(COP(=O)(O)O)c(C)c1[O-],-0.3419684767723083,3.994176129766171e-08,232.152,0.3813399999999999,True,0.8722891566265061
0,COc1cc2c(cc1OC)CN(C(=O)O)CC2,-0.4313700497150421,3.916773777087425e-08,237.25499999999994,1.7399,True,0.8722891566265061
0,COc1cc2c(cc1OC)CN(C)CC2,-0.4493663311004638,2.8500264184079118e-08,207.27299999999994,1.6917,True,0.8722891566265061
0,CC1(C)[C@@H]2CC(=O)c3c(O)cc(O)cc3[C@H]21,-0.3686169981956482,2.764283138535459e-08,218.252,2.4238,True,0.8722891566265061
0,C=C(C)c1cccc(C(C)(C)O)c1,-0.378152996301651,2.224309375167558e-08,176.25899999999996,2.9471000000000016,True,0.8722891566265061
0,COc1ccc2c(c1)cc(C(=O)NCc1ccco1)n2CC(=O)O,-0.3187788426876068,1.5086477482473315e-08,328.32400000000007,2.2575,True,0.8722891566265061
0,CC(=O)c1ccc(C)cc1N[C@H](C(=O)O)C1CC1,-0.3753233253955841,1.467025678435411e-08,247.29399999999995,2.4727200000000007,True,0.8722891566265061
0,Cc1ncc(COP(=O)(O)O)c(CNC(C)C)c1O,-0.2988718226552009,8.440785496688648e-09,290.25600000000003,1.20292,True,0.8722891566265061
0,N=C(O)c1cccc(C(=O)O)n1,-0.374222993850708,4.978449452746585e-09,166.13599999999997,0.66317,True,0.8722891566265061
0,CN(C)c1cccc2c(S(=O)(=O)NCCO)cccc12,-0.3035670518875122,4.9016485192068165e-09,294.376,1.1764,True,0.8722891566265061
0,N=c1ccn([C@H]2CC[C@@H](COP(=O)(O)O)O2)c(O)c1,-0.2874074578285217,4.141554870566834e-09,290.212,0.4600699999999998,True,0.8722891566265061
0,N=c1ccn([C@H]2CC[C@@H](CO)O2)c(O)c1,-0.3575434940201895,2.8251948331305122e-09,210.23299999999998,0.3430699999999999,True,0.8722891566265061
0,CN(C)c1ccnc2c(N(C)C)cccc12,-0.3572971522808075,2.677621892515689e-09,215.29999999999998,2.3668000000000005,True,0.8722891566265061
0,CC1(C)[C@@H]2CC[C@@]1(C)C(=O)O2,-0.4126418381929397,1.8841284430221034e-09,154.209,1.7381,True,0.8722891566265061
0,COc1cc2c(cc1OC)C(=O)C(C)(C)C2,-0.4419063627719879,1.815651974606052e-09,220.26799999999994,2.4688000000000008,True,0.8722891566265061
0,CN(C)c1cccc2c(C(=O)O)cccc12,-0.3402118980884552,1.8131993384856437e-09,215.25199999999998,2.604,True,0.8722891566265061
0,N=C(O)c1ccc[n+]([C@@H]2O[C@H](CO)C(O)=C2O)c1,-0.3318284153938293,1.7064135120867184e-09,253.23399999999998,0.07477000000000011,True,0.8722891566265061
0,N=c1nc(O)c2c(CCC(=O)O)c[nH]c2[nH]1,-0.3236938118934631,1.6172573929384564e-09,222.204,0.0932699999999998,True,0.8722891566265061
0,Cc1ncc(COP(=O)(O)O)c(CN[C@@H]2CON=C2O)c1O,-0.2805739243825276,1.0205067571010627e-09,333.2370000000001,0.06481999999999993,True,0.8722891566265061
0,Cc1cc(CN[C@@H]2COc3ccccc32)c(COP(=O)(O)O)cn1,-0.38211590051651,8.472369336869689e-10,350.31100000000004,2.222620000000001,True,0.8722891566265061
0,Cc1ncc(COP(=O)(O)O)c(C#N)c1O,-0.3422846794128418,7.99505309812215e-10,244.143,0.5765999999999998,True,0.8722891566265061
0,Cc1ncc(COP(=O)(O)O)c(CNC[C@H](C)O)c1O,-0.3142100572586059,7.002250284833097e-10,306.25500000000005,0.17532000000000003,True,0.8722891566265061
0,CC(=O)c1ccc(C)cc1N[C@H](C(=O)O)C1CCNCC1,-0.3716410994529724,6.202985617768543e-10,290.363,2.0623199999999997,True,0.8722891566265061
0,CN(C)c1cccc2c(O)nc(=O)n(C)c12,-0.3202851414680481,5.646462556237082e-10,219.24399999999997,0.7050999999999998,True,0.8722891566265061
0,CC(O)=N[C@@H](Cc1ccccc1)C(O)=N[C@@H](C)C(=O)O,-0.2927442193031311,4.900475672577346e-10,278.308,2.0037000000000003,True,0.8722891566265061
0,Cc1nc2c(O)nc(=N)[nH]c2[nH]1,-0.4129960685968399,4.5704867499995635e-10,165.156,-0.2205100000000001,True,0.8722891566265061
0,N=c1ccn([C@H]2CC[C@@H](CO)OC2)c(O)n1,-0.3305331269900004,4.0342053988218117e-10,225.24799999999996,-0.21943000000000035,True,0.8722891566265061
0,CC(O)=Nc1cccc(C(=O)O)c1,-0.3516682684421539,3.978435132775664e-10,179.17499999999998,1.9927000000000001,True,0.8722891566265061
0,CC1(C)[C@H]2CC(=O)[C@]1(C)C[C@H]2O,-0.3693049252033233,3.025236553374069e-10,168.236,1.3724999999999998,True,0.8722891566265061
0,Cc1cc(CN)c(COP(=O)(O)O)cn1,-0.3686134219169616,2.6614486546498075e-10,232.17600000000002,0.4580199999999999,True,0.8722891566265061
0,CN(C)c1cccc2c(S(=O)(=O)O)cccc12,-0.2843361740049563,2.0477035047965757e-10,251.30699999999996,2.1525,True,0.8722891566265061
0,Cc1ncc(C[n+]2csc(CCO)c2C)c(=N)[nH]1,-0.2833373248577118,1.664626764601576e-10,265.36199999999997,0.4381099999999997,True,0.8722891566265061
0,Cc1ncc(COP(=O)(O)O)c(C/N=C2\CCO[C@H]2C)c1O,-0.3112707436084747,1.651778565216447e-10,330.27700000000004,1.4547199999999998,True,0.8722891566265061
0,CC(O)=N[C@@H](Cc1ccccc1)C(O)=NCC(=O)O,-0.3114359974861145,1.4556361656791652e-10,264.28099999999995,1.6152000000000002,True,0.8722891566265061
0,C[C@H](O)C(=O)Nc1ccc([N+](=O)[O-])c2cccnc12,-0.3132199048995971,1.4073802710694866e-10,261.237,1.4622999999999995,True,0.8722891566265061
0,Cc1ncc(COP(=O)(O)O)c(CNc2ccccc2)c1O,-0.3370135724544525,1.3496734960998404e-10,324.273,2.3170200000000007,True,0.8722891566265061
0,C[C@@H](O)c1ccc2cc(Cl)cc(C(=O)O)c2n1,-0.3530445992946625,1.337948538784619e-10,251.66899999999998,2.6397000000000004,True,0.8722891566265061
0,CN(C)c1cccc2c(S(=O)(=O)NCCC(=O)O)cccc12,-0.288133829832077,1.1943837255994626e-10,322.38599999999997,1.6588,True,0.8722891566265061
0,Cc1ncc(COP(=O)(O)O)c(CNC2CCCC2)c1O,-0.3167830109596252,9.403737955483422e-11,316.29400000000015,1.7371199999999996,True,0.8722891566265061
0,Cc1ncc(COP(=O)(O)O)c(C/N=C2\CCON2)c1O,-0.2959146797657013,8.930257987405854e-11,317.238,0.5283199999999999,True,0.8722891566265061
0,C[C@]1(O)CCN(c2ccc(Cl)cc2)C1,-0.3828256130218506,7.729582240569456e-11,211.692,2.3011,True,0.8722891566265061
0,Cc1ncc(COP(=O)(O)O)c(CN[C@@H]2CC[C@H](O)C2)c1O,-0.3053934723138809,5.3877072264157274e-11,332.2930000000001,0.7079199999999999,True,0.8722891566265061
0,Cc1ncc(COP(=O)(O)O)c(CN[C@H]2CC[C@H](O)C2)c1O,-0.3117526024580002,5.3877072264157274e-11,332.2930000000001,0.7079199999999999,True,0.8722891566265061
0,Cc1ncc(COP(=O)(O)O)c(CNC2CC2)c1O,-0.3122781604528427,3.912323802221602e-11,288.24000000000007,0.95692,True,0.8722891566265061
0,CN(C)c1cccc2c(O)cccc12,-0.3854444026947021,3.765252370638418e-11,187.242,2.6114000000000006,True,0.8722891566265061
0,CN(C)c1cccc2c(O)c(C(=O)O)cnc12,-0.2980656027793884,2.609626035128238e-11,232.23899999999998,1.7046,True,0.8722891566265061
0,COc1ccc2c(c1)cc(C(=O)O)n2C,-0.3301925659179687,2.3989136112772032e-11,205.21299999999997,1.8851,True,0.8722891566265061
0,N=c1ccn([C@H]2C[C@H](O)[C@@H](CO)O2)c(O)n1,-0.2250798096259435,2.2289022111778098e-11,227.21999999999997,-1.29113,True,0.8722891566265061
0,CN(C)c1cccc2c(S(=O)(=O)O)ccnc12,-0.2848361276090145,2.222218593840392e-11,252.29499999999996,1.5474999999999999,True,0.8722891566265061
0,CC(O)=N[C@@H](Cc1ccccc1)C(O)=NO,-0.3116976022720337,2.1556696737609554e-11,222.244,1.9198000000000002,True,0.8722891566265061
0,Cc1ncc(COP(=O)(O)O)c(CNC2=C[C@H]3C[C@@H]3C2)c1O,-0.2996898591518402,2.0033229080109506e-11,326.2890000000001,1.7182199999999996,True,0.8722891566265061
0,C[C@@H](C(=O)O)c1ccc(C2CC2)cc1,-0.3930201530456543,1.9219793828185058e-11,190.24199999999996,2.7521000000000013,True,0.8722891566265061
0,Cc1ncc(C[n+]2csc(CCOP(=O)(O)O)c2C)c(=N)[nH]1,-0.2268226742744445,1.8578168942656184e-11,345.341,0.55511,True,0.8722891566265061
0,C[C@@H](O)c1cccc(C(=O)O)n1,-0.3693424612283706,1.79800147663803e-11,167.164,0.8331,True,0.8722891566265061
0,Cc1ncc(COP(=O)(O)O)c(CNC2CCCCC2)c1O,-0.3021874278783798,1.7100960382550964e-11,330.3210000000002,2.12722,True,0.8722891566265061
0,Cc1ncc(COP(=O)(O)O)c(C)c1C,-0.3753854930400848,1.6372957716994554e-11,231.188,1.61616,True,0.8722891566265061
0,Cc1ncc(COP(=O)(O)O)c(CC=N)c1O,-0.3538159728050232,1.6177655386867066e-11,260.186,0.8969899999999997,True,0.8722891566265061
0,Cc1ncc(COP(=O)(O)O)c(CN[C@H]2CC[C@H](N)CC2)c1O,-0.2957164794206619,1.4399954216442482e-11,345.3360000000002,1.06442,True,0.8722891566265061
0,Cc1ncc(COP(=O)(O)O)c(C=O)c1O,-0.3317743624959673,1.4299231000462814e-11,247.143,0.5174199999999998,True,0.8722891566265061
0,Cc1ncc(COP(=O)(O)O)c(C[C@H]2CCNC2)c1O,-0.3159539103507995,1.1754409157299768e-11,302.267,0.8569199999999999,True,0.8722891566265061
0,C[C@H](C(=O)O)c1ccc(CN)cc1,-0.354863166809082,1.0407561869285329e-11,179.21899999999997,1.3334,True,0.8722891566265061
0,CC(=O)c1ccc(C)cc1N[C@H](C(=O)O)C(C)C,-0.32806596159935,9.068025701104457e-12,249.30999999999997,2.718720000000001,True,0.8722891566265061
0,Cc1ncc(COP(=O)(O)O)c(CNCc2ccccn2)c1O,-0.3449511528015136,8.630420536416217e-12,339.288,1.3897199999999998,True,0.8722891566265061
0,CC(C)C[C@H](N=C(O)[C@@H](O)Cc1ccccc1)C(=O)O,-0.2813635766506195,8.379521094241914e-12,279.336,2.0458,True,0.8722891566265061
0,CN(C)c1cccc2c(O)c(C(=O)O)[nH]c12,-0.376606285572052,6.355241495051592e-12,220.22799999999998,1.6376999999999997,True,0.8722891566265061
0,Cc1ncc(COP(=O)(O)O)c(CNC2CCNCC2)c1O,-0.2888931035995483,6.1463721753892085e-12,331.30900000000014,0.5465199999999995,True,0.8722891566265061
0,C[C@@H](C(=O)O)N1C(=O)CCc2ccc(Cl)cc21,-0.3449009507894516,5.545887670948242e-12,253.68499999999997,2.0923,True,0.8722891566265061
0,Cc1ncc(COP(=O)(O)O)c(CN[C@@H]2CCNC2)c1O,-0.3132557272911072,4.505645181747858e-12,317.2820000000001,0.15641999999999967,True,0.8722891566265061
0,Cc1ncc(COP(=O)(O)O)c(C)c1O,-0.3119853036157016,4.441427528015599e-12,233.16,1.01334,True,0.8722891566265061
0,Cc1ncc(COP(=O)(O)O)c(CCN)c1O,-0.3549674749374389,3.93357852355671e-12,262.20199999999994,0.20612000000000003,True,0.8722891566265061
0,C[C@]1(O)CCN(c2ccc(C(=O)O)cn2)C[C@H]1O,-0.3492574095726013,3.840271389563989e-12,252.27,0.10180000000000011,True,0.8722891566265061
0,Cc1ncc(CO)c(C=O)c1O,-0.4169605001807213,3.448447879405615e-12,167.164,0.40041999999999983,True,0.8722891566265061
0,Cc1ncc(COP(=O)(O)O)c(CNC2=NC[C@H](C)CN2)c1O,-0.3271346390247345,3.305593416497062e-12,344.3080000000001,0.38981999999999967,True,0.8722891566265061
0,Cc1ncc(COP(=O)(O)O)c(CN[C@H]2CC[C@H](O)CC2)c1O,-0.2862502411007881,2.247320641188183e-12,346.32000000000016,1.0980199999999998,True,0.8722891566265061
0,O=[N+]([O-])c1cc(O)c(O)c(C(O)=NC2CCCC2)c1,-0.3257818818092346,1.6232282299357935e-12,266.25299999999993,2.2531999999999996,True,0.8722891566265061
0,CC(O)=N[C@@H](Cc1ccc(O)cc1)C(O)=NCC(=O)O,-0.3098999857902527,1.5777428666397105e-12,280.28,1.3208,True,0.8722891566265061
0,COc1ccc2c(c1)cc(C(=O)O)n2C[C@H](N)C(=O)O,-0.2957969605922699,1.5305693990571428e-12,278.26399999999995,0.7600000000000002,True,0.8722891566265061
0,Cc1ncc(C[n+]2csc(CCOP(=O)(O)O)c2C)c(N)c1O,-0.3466999232769012,1.0209418684643532e-12,360.3520000000001,1.0353399999999997,True,0.8722891566265061
0,Cc1ncc(COP(=O)(O)O)c(CNC2(C(=O)O)CC2)c1O,-0.2663142681121826,9.613693768612137e-13,332.24900000000014,0.4117199999999996,True,0.8722891566265061
0,O=C(O)C1=CN([C@@H]2O[C@H](CO)[C@@H](O)[C@H]2O)CCC1,-0.3577142059803009,9.297608522804713e-13,259.258,-1.5103,True,0.8722891566265061
0,C[C@@H](C(=O)O)c1ccc(C#N)c(Cl)c1,-0.3495044608910878,8.963889992962761e-13,209.63199999999998,2.3997800000000007,True,0.8722891566265061
0,Cc1ncc(CO)c(C)c1O,-0.4180564731359482,6.567415721344029e-13,153.18099999999998,0.8963399999999997,True,0.8722891566265061
0,N=c1ccn([C@H]2CCC[C@@H](CO)O2)c(O)n1,-0.2874451279640198,5.713025332687719e-13,225.248,0.12817,True,0.8722891566265061
0,CN(C)c1cccc2c(S(=O)(=O)[O-])ccnc12,-0.3562063574790954,4.3841625128230597e-13,251.28699999999995,1.2049,True,0.8722891566265061
0,Cc1ncc(COP(=O)(O)O)c(CNC2CCOCC2)c1O,-0.2962161898612976,4.330933078327199e-13,332.2930000000002,0.9735199999999999,True,0.8722891566265061
0,CN(C)c1cccc2c(S(C)(=O)=O)cccc12,-0.306035578250885,3.989862193885133e-13,249.33499999999995,2.3093000000000004,True,0.8722891566265061
0,Cc1ncc(COP(=O)(O)O)c(CN[C@@H]2CCNC[C@H]2O)c1O,-0.3033840656280517,3.9693494155235805e-13,347.3080000000001,-0.4826800000000005,True,0.8722891566265061
0,Cc1ncc(CO)c(CN[C@@H](CO)C(=O)O)c1O,-0.3472632169723511,2.7426486469282007e-13,256.258,-0.8769800000000003,True,0.8722891566265061
0,CN(C)c1cccc2c(C(=O)O)cc(=O)oc12,-0.3209383487701416,1.6525468525315535e-13,233.22299999999996,1.5572,True,0.8722891566265061
0,Cc1ncc(COP(=O)(O)O)c(CNCC(=O)O)c1O,-0.2820342183113098,1.2947213963844641e-13,306.211,-0.12088000000000004,True,0.8722891566265061
0,Cn1c(=O)c2c(ncn2C)n(C)c1=O,-0.3125880658626556,1.2301565325415113e-13,194.194,-1.0293,True,0.8722891566265061
0,Cc1ncc(COP(=O)(O)O)c(CN[C@@H]2CCC[C@H](O)C2)c1O,-0.2925675809383392,6.655080647065567e-14,346.32000000000016,1.0980199999999998,True,0.8722891566265061
0,Cc1ncc(COP(=O)(O)O)c(CN[C@H]2CCC[C@@H](O)C2)c1O,-0.3040506243705749,6.655080647065567e-14,346.32000000000016,1.0980199999999998,True,0.8722891566265061
0,Cc1ncc(COP(=O)(O)O)c(CN[C@H]2CCOC2)c1O,-0.2989030033349991,6.227230050455397e-14,318.26600000000013,0.5834199999999998,True,0.8722891566265061
0,Cc1ncc(COP(=O)(O)O)c(CN[C@@H]2CCOC2)c1O,-0.3050306737422943,6.227230050455397e-14,318.26600000000013,0.5834199999999998,True,0.8722891566265061
0,N=c1ccn([C@H]2CC[C@@H](CO)C2)c(O)n1,-0.3077799464975084,5.917292128827843e-14,209.24899999999997,0.4016699999999998,True,0.8722891566265061
0,Cc1ncc(COP(=O)(O)O)c(CN[C@H]2CCCc3ccccc32)c1O,-0.2726005911827087,5.6436730320971806e-14,378.3650000000002,2.872120000000002,True,0.8722891566265061
0,Cc1ncc(COP(=O)(O)O)c(CN[C@@H]2CCCc3ccccc32)c1O,-0.2958851754665375,5.6436730320971806e-14,378.3650000000002,2.872120000000002,True,0.8722891566265061
0,C[C@@H](O)c1ccc(C(=O)O)nc1,-0.4231571853160858,4.4949461900373e-14,167.164,0.8331,True,0.8722891566265061
0,Cc1ncc(CO)c(CN[C@@H](CO)C(C)C)c1O,-0.3452301025390625,4.1066251206277025e-14,254.32999999999998,0.6944199999999998,True,0.8722891566265061
0,CC(=O)c1ccc(C)cc1N[C@H](C)C(=O)O,-0.3504932820796966,1.4976128157475865e-14,221.25599999999997,2.08262,True,0.8722891566265061
0,CN(C)c1cccc2c(C(=O)O)ccnc12,-0.3139876052737236,8.505345483410736e-15,216.23999999999998,1.9989999999999999,True,0.8722891566265061
0,Cc1ncc(COP(=O)(O)O)c(C/N=C2\CC[C@@H](O)C2)c1O,-0.3473353683948517,8.038603348239586e-15,330.27700000000004,1.1907199999999998,True,0.8722891566265061
0,COc1ccc2c(c1)cc(C(=O)NCc1ccco1)n2C,-0.341608315706253,7.773612738869162e-15,284.315,2.709900000000001,True,0.8722891566265061
0,CC(O)=Nc1nc(C)cs1,-0.4362073838710785,5.462600740632762e-15,156.20999999999998,2.0594200000000003,True,0.8722891566265061
0,Cc1ncc(COP(=O)(O)O)c(CNC[C@H](C)N)c1O,-0.3273903131484985,4.8775581873152885e-15,305.2710000000001,0.14172,True,0.8722891566265061
0,Cc1ncc(COP(=O)(O)O)c(CNC[C@@H](C)N)c1O,-0.3561475276947021,4.8775581873152885e-15,305.2710000000001,0.14172,True,0.8722891566265061
0,CS(=O)(=O)c1ccc2c(c1)nc1n2CCNC1,-0.3543532490730285,2.7242462944263683e-15,251.31099999999998,0.5429999999999999,True,0.8722891566265061
0,COc1ccc(C(=O)Nc2cc(C(=O)O)ccn2)cc1,-0.2842183709144592,2.160845153781315e-15,272.26,2.0406999999999997,True,0.8722891566265061
0,N=C(O)c1ccc[n+]([C@H]2C[C@H](O)[C@@H](COP(=O)(O)O)O2)c1,-0.3169869184494018,2.0080598838505426e-15,319.23,-0.3848300000000002,True,0.8722891566265061
0,Cc1ncc(COP(=O)(O)O)c(CN[C@@H](C)CO)c1O,-0.3172647555669148,1.3812505155327667e-15,306.25500000000005,0.17532000000000003,True,0.8722891566265061
0,O=C(O)C1=NC(c2ccccc2)=NC1C(=O)O,-0.2877480238676071,1.3328204673237481e-15,232.19500000000002,0.42560000000000014,True,0.8722891566265061
0,COc1ccc2c(c1)cc(C(=O)NCc1ccco1)n2C[C@H](O)CO,-0.3342676758766174,9.212794625788614e-16,344.3670000000001,1.5261,True,0.8722891566265061
0,Cc1ncc(COP(=O)(O)O)c(CN[C@@H]2C=CCCC2)c1O,-0.3157065510749817,7.616184305409053e-16,328.3050000000002,1.9032199999999997,True,0.8722891566265061
0,CN(C)c1cccc2c(O)cc(C(=O)O)nc12,-0.2983916103839874,6.494494819703492e-16,232.23899999999998,1.7046,True,0.8722891566265061
0,Cn1c(=O)[nH]c2ncn(C)c2c1=O,-0.3701963424682617,2.8530569595727155e-16,180.16699999999997,-1.039700000000001,True,0.8722891566265061
0,Cc1cc(CN[C@@H](C)C(=O)O)c(COP(=O)(O)O)cn1,-0.3395719707012176,2.459179873975018e-16,304.239,0.56202,True,0.8722891566265061
0,Cc1c(O)nc(=O)n(C)c1/C=C(\CO)CF,-0.3609015941619873,1.5949866327012035e-16,228.22299999999998,0.13952000000000014,True,0.8722891566265061
0,N=C(O)c1ccc[n+]([C@H]2C[C@H](O)[C@@H](CO)O2)c1,-0.3367965668439865,1.1090912569668313e-16,239.25099999999998,-0.5018300000000004,True,0.8722891566265061
0,N=C(O)c1ccc[n+]([C@H]2CC(O)[C@@H](CO)O2)c1,-0.3633421063423157,1.1090912569668313e-16,239.25099999999998,-0.5018300000000004,True,0.8722891566265061
0,Cc1ncc(COP(=O)(O)O)c(CN[C@@H]2CC[C@H](N)C2)c1O,-0.310943067073822,6.88441955755194e-17,331.30900000000014,0.67432,True,0.8722891566265061
0,Cc1ncc(COP(=O)(O)O)c(CN)c1O,-0.2646047560607685,3.313639177514684e-17,248.17499999999998,0.16362000000000004,True,0.8722891566265061
0,Cc1ncc(COP(=O)(O)O)c(CN[C@@H]2CCCNC2)c1O,-0.2976330667734146,2.1987253159697307e-17,331.30900000000014,0.5465199999999997,True,0.8722891566265061
0,Cc1ncc(COP(=O)(O)O)c(CN[C@H]2CCCNC2)c1O,-0.3103674352169037,2.1987253159697307e-17,331.30900000000014,0.5465199999999997,True,0.8722891566265061
0,O=C(O)C1=NC(c2ccccc2)=NC1,-0.3318316340446472,1.449612170846967e-17,188.186,0.9724000000000002,True,0.8722891566265061
0,Cc1ncc(COP(=O)(O)O)c(C/N=C2\CCOC2)c1O,-0.2977972030639648,1.1326629045295399e-17,316.25000000000006,1.0662199999999997,True,0.8722891566265061
0,N=c1ccn([C@H]2CC[C@@H](COP(=O)(O)O)C2)c(O)n1,-0.3044120967388153,9.548556536348523e-18,289.22799999999995,0.5186699999999997,True,0.8722891566265061
0,Cc1ncc(COP(=O)(O)O)c(CNC2(C)CC2)c1O,-0.3055309057235718,6.620158746819698e-18,302.2670000000001,1.3470199999999999,True,0.8722891566265061
0,O=C(O)C(=O)Nc1sc(-c2ccccc2)cc1C(=O)O,-0.2634055018424988,5.7111652659663095e-18,291.28400000000005,2.1363999999999996,True,0.8722891566265061
0,O=C(O)C1=NC(c2ccc(Cl)cc2)=NC1,-0.3293206989765167,3.435285476496217e-18,222.631,1.6258000000000001,True,0.8722891566265061
0,C[C@]1(O)CCN(c2ccc(C(=O)O)cn2)C1,-0.3049662709236145,1.9577686028902262e-18,222.244,0.7409000000000001,True,0.8722891566265061
0,Cc1ncc(CO)c(CN[C@@H](C)CO)c1O,-0.2906358540058136,1.8156787644388203e-18,226.27599999999998,0.058319999999999816,True,0.8722891566265061
0,Cc1ncc(CO)c(CN[C@H](C)CO)c1O,-0.3743316382169723,1.8156787644388203e-18,226.27599999999998,0.058319999999999816,True,0.8722891566265061
0,CN(C)c1cccc2c(C(=O)O)cc(C(=O)O)nc12,-0.2711794078350067,1.4614624126827784e-18,260.24899999999997,1.6972,True,0.8722891566265061
0,Cc1ncc(COP(=O)(O)O)c(C/N=C2\CC[C@H](C)C2)c1O,-0.3024566769599914,3.385119736967651e-19,328.30500000000006,2.465920000000001,True,0.8722891566265061
0,Cc1ncc(COP(=O)(O)O)c(C/N=C2\CC[C@@H](C)C2)c1O,-0.3266542553901672,3.385119736967651e-19,328.30500000000006,2.465920000000001,True,0.8722891566265061
0,Cc1ncc(C[n+]2csc(CCOP(=O)(O)O)c2C)c(C)c1O,-0.2956073135137558,2.138747855877294e-19,359.3640000000001,1.7615599999999998,True,0.8722891566265061
0,N=c1ccn([C@@H]2C[C@H](CO)[C@@H](O)C2)c(O)n1,-0.3135591149330139,5.088001054103005e-20,225.248,-0.6275300000000001,True,0.8722891566265061
0,Cc1ncc(CO)c(CN)c1O,-0.3676905021781013,3.866007721573355e-20,168.19599999999997,0.046620000000000106,True,0.8722891566265061
0,Cc1ncc(COP(=O)(O)O)c(CNC2=C[C@H]3C[C@@H]3C=C2)c1O,-0.318836361169815,4.892701234222348e-21,338.30000000000007,1.8843199999999993,True,0.8722891566265061
0,Cc1cc2c(cc1C)N(C)C(=O)CO2,-0.375322937965393,4.6063582967704455e-21,191.22999999999996,1.6586399999999997,True,0.8722891566265061
0,Cc1ncc(COP(=O)(O)O)c(CN[C@H]2CCCC[C@H]2O)c1O,-0.2673450410366058,3.5032891015490385e-21,346.32000000000016,1.09802,True,0.8722891566265061
0,Cc1ncc(COP(=O)(O)O)c(CN[C@H]2CCCC[C@@H]2O)c1O,-0.2687717378139496,3.5032891015490385e-21,346.32000000000016,1.09802,True,0.8722891566265061
0,Cc1ncc(COP(=O)(O)O)c(CN[C@@H]2CCCC[C@H]2O)c1O,-0.305645003914833,3.5032891015490385e-21,346.32000000000016,1.09802,True,0.8722891566265061
0,Cc1ncc(COP(=O)(O)O)c(CN[C@@H](C)C(=O)O)c1O,-0.2485562413930893,2.044961739664731e-21,320.23800000000006,0.26762000000000014,True,0.8722891566265061
0,Cc1ncc(COP(=O)(O)O)c(CN[C@H](C)C(=O)O)c1O,-0.2542106807231903,2.044961739664731e-21,320.23800000000006,0.26762000000000014,True,0.8722891566265061
0,Cc1ncc(COP(=O)(O)O)c(CN[C@@H]2COc3ccccc32)c1O,-0.2788415451844533,1.7594518719252955e-21,366.3100000000001,1.92822,True,0.8722891566265061
0,Cc1ncc(COP(=O)(O)O)c(CN[C@H]2COc3ccccc32)c1O,-0.2998358011245727,1.7594518719252955e-21,366.3100000000001,1.92822,True,0.8722891566265061
0,Cc1ncc(COP(=O)(O)O)c(C/N=C2\CC[C@@H](C)N2)c1O,-0.3053201735019684,3.469168615764964e-22,329.293,1.3753199999999997,True,0.8722891566265061
0,Cc1ncc(COP(=O)(O)O)c(C/N=C2\CC[C@H](C)N2)c1O,-0.3178595900535583,3.469168615764964e-22,329.293,1.3753199999999997,True,0.8722891566265061
0,Cc1ncc(COP(=O)(O)O)c(CN[C@@H]2CCO[C@H]2C)c1O,-0.2927274505297343,2.974840019065431e-22,332.2930000000001,0.9719199999999999,True,0.8722891566265061
0,CN(C)c1cccc2c(O)nc(=O)[nH]c12,-0.3386215791106224,1.6196321087560047e-23,205.21699999999998,0.6946999999999999,True,0.8722891566265061
0,Cc1ncc(C[n+]2csc(CCOP(=O)(O)O)c2C)c(CN)c1O,-0.3377276062965393,8.70522388546606e-24,374.37900000000013,0.9118399999999998,True,0.8722891566265061
0,Cc1ncc(COP(=O)(O)O)c(CN[C@@H](C)C(=O)O)c1[O-],-0.3416222929954529,4.8019030690606974e-24,319.2300000000001,-0.3643800000000002,True,0.8722891566265061
0,Cc1ncc(CO)c(CN[C@@H](C)C(=O)O)c1O,-0.3238315837723868,3.254035994877198e-24,240.259,0.15062000000000003,True,0.8722891566265061
0,Cc1ncc(CO)c(CN[C@H](C)C(=O)O)c1O,-0.3370754420757293,3.254035994877198e-24,240.259,0.15062000000000003,True,0.8722891566265061
0,Cc1ncc(COP(=O)(O)O)c(CN[C@H]2CCCC[C@H]2C(=O)O)c1O,-0.243556335568428,4.177188520220722e-29,374.3300000000002,1.43792,True,0.8722891566265061
0,Cc1ncc(COP(=O)(O)O)c(CN[C@H]2CCCC[C@@H]2C(=O)O)c1O,-0.2521242797374725,4.177188520220722e-29,374.3300000000002,1.43792,True,0.8722891566265061
0,Cc1ncc(COP(=O)(O)O)c(CN[C@@H]2CCCC[C@H]2C(=O)O)c1O,-0.2674904763698578,4.177188520220722e-29,374.3300000000002,1.43792,True,0.8722891566265061
0,Cc1ncc(COP(=O)(O)O)c(CN[C@@H]2CCCC[C@H]2N)c1O,-0.2856943160295486,1.9676241667805876e-29,345.3360000000002,1.0644199999999997,True,0.8722891566265061
0,CC(C)(C)OC(O)=Nc1ccc2ccccc2c1,-0.3877118527889251,0.9997383179068052,243.306,4.200400000000003,False,0.8722891566265061
0,C[C@H](N)C(=O)O,-0.471342921257019,0.291402918839303,89.09399999999998,-0.5817999999999999,False,0.8722891566265061
0,FC(F)(F)c1ccc(C(F)(F)F)cc1,-0.3633455038070678,0.0528289571994337,214.10799999999998,3.7242000000000006,False,0.8722891566265061
0,C[C@@H](C(=O)O)c1cccc(C2C=CC=CC2)c1,-0.3605153858661651,0.04811788392322379,228.291,3.474400000000002,False,0.8722891566265061
0,C[C@@H](O)C(=O)O,-0.5149085372686386,0.0020284509098162243,90.07799999999999,-0.5482,False,0.8722891566265061
0,C[C@H](O)C(=O)O,-0.5171820148825645,0.0020284509098162243,90.07799999999999,-0.5482,False,0.8722891566265061
0,C[C@@H](O)c1ccc(C(C)(C)C)cc1,-0.3617770969867706,0.0009327411603660877,178.27499999999998,3.0374000000000017,False,0.8722891566265061
0,CC1=C(C)[C@@H](C)Oc2cc(C)c(C)cc21,-0.3542260527610779,0.0007248574859194853,202.29699999999997,3.877740000000003,False,0.8722891566265061
0,COc1ccc2c(c1)cc(C(O)=NCc1ccco1)n2C,-0.3621256947517395,0.0007046196081321009,284.315,3.2847000000000017,False,0.8722891566265061
0,C[C@@H](O)CN1CCc2c(Cl)cc(Cl)c(Cl)c2C1,-0.3530434072017669,9.172616313549511e-06,294.6090000000001,3.3857000000000017,False,0.8722891566265061
0,COc1ccc2cc([C@H](C)C(=O)O)ccc2c1,-0.2764466106891632,6.189105331675936e-06,230.26299999999998,3.036500000000001,False,0.8722891566265061
0,CC(O)=Nc1nc(C)c(-c2ccccc2)s1,-0.3390581011772156,3.4599756444624026e-06,232.30800000000002,3.726420000000002,False,0.8722891566265061
0,CC(C)(C)OC(O)=N[C@H]1CCc2cccc(Cl)c2C1,-0.3633832931518554,6.255993124147521e-08,281.783,3.9264000000000028,False,0.8722891566265061
0,CC(C)(C)OC(O)=Nc1cccc2cccnc12,-0.3867999613285064,1.3843166631695313e-08,244.294,3.5954000000000015,False,0.8722891566265061
0,CC(C)(C)OC(O)=N[C@H]1CCc2ccccc21,-0.3581845164299011,6.504032668937798e-09,233.31099999999998,3.4030000000000022,False,0.8722891566265061
0,C[C@@H](C(=O)O)c1cccc(C2C=CC=C2)c1,-0.4138223528861999,1.7016532952860073e-09,214.264,3.0843000000000016,False,0.8722891566265061
0,C[C@@H](C(=O)O)c1ccc(C(C)(C)C)cc1,-0.3257152537504832,1.1750304677791616e-09,206.28499999999997,3.172200000000002,False,0.8722891566265061
0,COc1cc2c(cc1OC)[C@@H](C)C(C)(C)C2=O,-0.4526227712631225,2.8340944838212933e-14,234.29499999999996,3.0298000000000016,False,0.8722891566265061
